{
  "cities": [
    {
      "city": "Bluebikes Boston",
      "slug": "boston_bluebikes",
      "N": 493,
      "K_eig": 50,
      "K_deployed": 50,
      "d_optimal": {
        "strategy": "D_optimal",
        "rho_heldout": 0.7097538076159774,
        "fraction_demand_at_S": 0.08853704579707446
      },
      "random": {
        "rho_mean": 0.04684259461447086,
        "rho_sd": 0.15498719839143352,
        "fraction_mean": 0.10358472424678088,
        "n_samples": 50
      },
      "top_imd": {
        "strategy": "top_IMD",
        "rho_heldout": -0.041148975088690934,
        "fraction_demand_at_S": 0.08788804622608871
      },
      "oracle": {
        "strategy": "oracle",
        "rho_heldout": 0.06471808417101209,
        "fraction_demand_at_S": 0.24175589356943955
      },
      "wall_time_s": 0.1,
      "S_opt": [
        408,
        406,
        410,
        144,
        402,
        395,
        270,
        456,
        277,
        460,
        167,
        300,
        482,
        113,
        43,
        486,
        139,
        130,
        292,
        259,
        280,
        404,
        137,
        268,
        248,
        442,
        174,
        465,
        192,
        222,
        157,
        472,
        58,
        257,
        447,
        187,
        381,
        85,
        262,
        22,
        316,
        198,
        309,
        149,
        247,
        389,
        326,
        55,
        431,
        305
      ],
      "S_oracle": [
        307,
        310,
        316,
        339,
        334,
        209,
        338,
        61,
        102,
        9,
        52,
        306,
        382,
        2,
        48,
        358,
        89,
        60,
        305,
        35,
        216,
        49,
        77,
        320,
        210,
        4,
        212,
        200,
        199,
        206,
        311,
        234,
        97,
        194,
        368,
        129,
        198,
        370,
        367,
        312,
        315,
        335,
        203,
        303,
        75,
        314,
        360,
        80,
        359,
        55
      ]
    },
    {
      "city": "Capital Bikeshare DC",
      "slug": "dc_capitalbikeshare",
      "N": 765,
      "K_eig": 50,
      "K_deployed": 50,
      "d_optimal": {
        "strategy": "D_optimal",
        "rho_heldout": 0.7710177498663767,
        "fraction_demand_at_S": 0.04681336528313664
      },
      "random": {
        "rho_mean": 0.15916137802711222,
        "rho_sd": 0.13037042701412008,
        "fraction_mean": 0.06582125782309717,
        "n_samples": 50
      },
      "top_imd": {
        "strategy": "top_IMD",
        "rho_heldout": -0.06403268844577777,
        "fraction_demand_at_S": 0.06730435791478792
      },
      "oracle": {
        "strategy": "oracle",
        "rho_heldout": 0.029006504554360258,
        "fraction_demand_at_S": 0.16230970522683194
      },
      "wall_time_s": 0.2,
      "S_opt": [
        732,
        750,
        726,
        748,
        698,
        267,
        729,
        705,
        626,
        735,
        722,
        283,
        678,
        358,
        638,
        623,
        483,
        504,
        605,
        747,
        545,
        445,
        557,
        480,
        629,
        455,
        237,
        641,
        625,
        708,
        280,
        580,
        757,
        712,
        617,
        478,
        323,
        60,
        585,
        37,
        277,
        240,
        661,
        548,
        531,
        8,
        48,
        145,
        368,
        141
      ],
      "S_oracle": [
        387,
        166,
        366,
        138,
        369,
        195,
        101,
        225,
        123,
        391,
        139,
        351,
        103,
        184,
        106,
        173,
        118,
        151,
        218,
        426,
        226,
        140,
        261,
        124,
        185,
        379,
        171,
        107,
        102,
        203,
        165,
        266,
        392,
        150,
        186,
        233,
        113,
        142,
        183,
        194,
        214,
        227,
        232,
        180,
        115,
        174,
        116,
        258,
        417,
        170
      ]
    },
    {
      "city": "Divvy Chicago",
      "slug": "chicago_divvy",
      "N": 1337,
      "K_eig": 50,
      "K_deployed": 50,
      "d_optimal": {
        "strategy": "D_optimal",
        "rho_heldout": 0.5404073441410249,
        "fraction_demand_at_S": 0.030520842497288987
      },
      "random": {
        "rho_mean": 0.08018158764783768,
        "rho_sd": 0.1173850284525561,
        "fraction_mean": 0.03721827297985396,
        "n_samples": 50
      },
      "top_imd": {
        "strategy": "top_IMD",
        "rho_heldout": 0.1061410275030556,
        "fraction_demand_at_S": 0.07653211574984638
      },
      "oracle": {
        "strategy": "oracle",
        "rho_heldout": -0.03894210500015935,
        "fraction_demand_at_S": 0.11009732467191254
      },
      "wall_time_s": 0.3,
      "S_opt": [
        740,
        361,
        1194,
        373,
        369,
        585,
        67,
        1293,
        309,
        21,
        745,
        856,
        773,
        364,
        360,
        729,
        748,
        1271,
        737,
        370,
        592,
        40,
        1311,
        257,
        1232,
        1279,
        381,
        824,
        718,
        551,
        58,
        840,
        63,
        689,
        615,
        1221,
        814,
        25,
        566,
        42,
        711,
        1153,
        685,
        902,
        258,
        538,
        851,
        1165,
        1028,
        207
      ],
      "S_oracle": [
        105,
        206,
        1152,
        891,
        247,
        112,
        972,
        217,
        100,
        1252,
        909,
        1011,
        1082,
        754,
        903,
        1038,
        101,
        870,
        1106,
        107,
        986,
        944,
        245,
        1022,
        463,
        1110,
        228,
        1023,
        98,
        150,
        162,
        746,
        1000,
        914,
        1112,
        1072,
        1003,
        848,
        1088,
        1007,
        471,
        190,
        104,
        113,
        1025,
        1051,
        1018,
        1058,
        1134,
        1060
      ]
    },
    {
      "city": "Bay Wheels SF",
      "slug": "sf_baywheels",
      "N": 552,
      "K_eig": 50,
      "K_deployed": 50,
      "d_optimal": {
        "strategy": "D_optimal",
        "rho_heldout": 0.7077174806921053,
        "fraction_demand_at_S": 0.0763386652177074
      },
      "random": {
        "rho_mean": 0.11615146545120751,
        "rho_sd": 0.14323172972037623,
        "fraction_mean": 0.09121101664257913,
        "n_samples": 50
      },
      "top_imd": {
        "strategy": "top_IMD",
        "rho_heldout": 0.13565319763204298,
        "fraction_demand_at_S": 0.12091983886817584
      },
      "oracle": {
        "strategy": "oracle",
        "rho_heldout": 0.3097445723703716,
        "fraction_demand_at_S": 0.20486717290984505
      },
      "wall_time_s": 0.1,
      "S_opt": [
        346,
        341,
        479,
        345,
        528,
        539,
        276,
        409,
        85,
        110,
        125,
        152,
        116,
        471,
        3,
        134,
        450,
        461,
        548,
        351,
        59,
        35,
        143,
        6,
        543,
        236,
        154,
        50,
        432,
        340,
        19,
        274,
        119,
        438,
        55,
        338,
        483,
        94,
        530,
        334,
        396,
        199,
        178,
        374,
        217,
        72,
        508,
        209,
        312,
        244
      ],