{
  "cities": [
    {
      "city": "Bluebikes Boston",
      "slug": "boston_bluebikes",
      "N": 493,
      "K": 50,
      "cover_radius_m": 500.0,
      "results": [
        {
          "strategy": "D-optimal greedy",
          "K": 50,
          "rho_heldout": 0.7097538076159774,
          "fraction_demand_at_S": 0.08853704579707446,
          "solve_time_s": 0.19
        },
        {
          "strategy": "MCLP",
          "K": 50,
          "rho_heldout": -0.1498899489870145,
          "fraction_demand_at_S": 0.12789396695680766,
          "solve_time_s": 0.08
        }
      ],
      "S_dopt": [
        408,
        406,
        410,
        144,
        402,
        395,
        270,
        456,
        277,
        460,
        167,
        300,
        482,
        113,
        43,
        486,
        139,
        130,
        292,
        259,
        280,
        404,
        137,
        268,
        248,
        442,
        174,
        465,
        192,
        222,
        157,
        472,
        58,
        257,
        447,
        187,
        381,
        85,
        262,
        22,
        316,
        198,
        309,
        149,
        247,
        389,
        326,
        55,
        431,
        305
      ],
      "S_mclp": [
        2,
        10,
        22,
        29,
        48,
        50,
        51,
        57,
        64,
        86,
        97,
        100,
        103,
        119,
        149,
        155,
        187,
        194,
        197,
        200,
        203,
        224,
        227,
        241,
        247,
        250,
        284,
        290,
        304,
        311,
        313,
        315,
        319,
        322,
        326,
        349,
        358,
        362,
        373,
        377,
        381,
        389,
        416,
        417,
        423,
        427,
        433,
        444,
        446,
        465
      ]
    },
    {
      "city": "Capital Bikeshare DC",
      "slug": "dc_capitalbikeshare",
      "N": 765,
      "K": 50,
      "cover_radius_m": 500.0,
      "results": [
        {
          "strategy": "D-optimal greedy",
          "K": 50,
          "rho_heldout": 0.7710177498663767,
          "fraction_demand_at_S": 0.04681336528313664,
          "solve_time_s": 0.28
        },
        {
          "strategy": "MCLP",
          "K": 50,
          "rho_heldout": 0.09740628549636426,
          "fraction_demand_at_S": 0.09790728914403422,
          "solve_time_s": 0.35
        }
      ],
      "S_dopt": [
        732,
        726,
        750,
        748,
        698,
        267,
        729,
        705,
        626,
        735,
        722,
        283,
        678,
        358,
        638,
        623,
        483,
        504,
        605,
        747,
        545,
        445,
        557,
        480,
        629,
        455,
        237,
        641,
        625,
        708,
        280,
        580,
        757,
        712,
        617,
        478,
        323,
        60,
        585,
        37,
        277,
        240,
        661,
        548,
        531,
        8,
        48,
        145,
        368,
        141
      ],
      "S_mclp": [
        6,
        8,
        21,
        37,
        99,
        102,
        105,
        106,
        107,
        113,
        116,
        128,
        130,
        143,
        150,
        162,
        180,
        182,
        185,
        188,
        192,
        193,
        194,
        206,
        229,
        245,
        261,
        264,
        268,
        292,
        321,
        325,
        331,
        335,
        359,
        366,
        379,
        385,
        386,
        392,
        401,
        410,
        412,
        421,
        427,
        512,
        518,
        559,
        585,
        659
      ]
    }
  ]
}