{
  "city": "zebullo",
  "tier": 2,
  "target": "pseudo_flow",
  "n_total": 8679,
  "n_stations": 66,
  "n_train": 6943,
  "n_test": 1736,
  "polling_span_h": 1888.0,
  "no_imd": {
    "model": "zebullo_G_minus_temporal",
    "n_test": 1736,
    "r2_log": 0.07363803993468865,
    "r2_trips": -0.00022193566619610472,
    "mae_trips": 1.3927378682719398,
    "rmse_trips": 2.334085960752008,
    "fit_seconds": 4.4
  },
  "imd_augmented": {
    "model": "zebullo_G_plus_imd",
    "n_test": 1736,
    "r2_log": 0.2894952227232874,
    "r2_trips": 0.21906545034859903,
    "mae_trips": 1.1644235862092591,
    "rmse_trips": 2.0624146148433202,
    "fit_seconds": 5.6
  },
  "delta_r2_trips": 0.21928738601479514,
  "delta_mae_trips": 0.22831428206268067,
  "wall_time_s": 10.2
}