city,n_stations,n_total,polling_span_h,r2_no_imd,r2_imd,delta_r2,mae_no_imd,mae_imd
Paris,1361,179630,1888.0,0.21010862400967822,0.49110053555873556,0.28099191154905734,1.9526861858098554,1.534207886631196
lyon,462,60874,1888.0,0.1806744198907344,0.6369771313511384,0.456302711460404,3.3095813797486877,2.10592602857677
toulouse,448,58971,1888.0,0.12005466060712922,0.6130034539887648,0.49294879338163555,2.6642005361045387,1.8044318300126212
