city,tier,n_test,block_kind,n_blocks,r2_no_imd,r2_no_imd_lo,r2_no_imd_hi,r2_imd,r2_imd_lo,r2_imd_hi,delta_r2,delta_r2_lo,delta_r2_hi
Paris,2,35926,day,2,0.21010862400967822,0.12204987417585855,0.30969468277571843,0.49110053555873556,0.4525102660121395,0.523343147815983,0.28099191154905734,0.21364846504026458,0.33046039183628095
lyon,2,12175,day,2,0.1806744198907344,0.08982066542560185,0.2576677137444774,0.6369771313511384,0.5646594560441327,0.6411679300268596,0.456302711460404,0.3069917422996553,0.5513472646012577
toulouse,2,11795,day,2,0.12005466060712922,0.01417697431978171,0.2073702499395471,0.6130034539887648,0.5296654024159124,0.6130034539887648,0.49294879338163555,0.3222951524763653,0.5932406917240127
velomagg,1,89894,week,53,0.04157681946821412,0.027397767279814213,0.057696779819220244,0.3109247632049186,0.2757002521649833,0.3402677634811627,0.26934794373670445,0.2356056120234001,0.30122669807115265
boston_bluebikes,1,787645,week,27,0.05878190124154248,0.04920683124706059,0.07034676685608572,0.5307968301347679,0.5136456093583716,0.5463886062001047,0.4720149288932254,0.4500830495993254,0.4899514785832698
chicago_divvy,1,1165121,week,40,0.07099667511967633,0.058259475259903507,0.08259922149322599,0.41698402628726583,0.3879354332669539,0.43788373382552326,0.3459873511675895,0.3200837888156583,0.36622572146216076
dc_capitalbikeshare,1,1329223,week,36,0.022579542476923065,0.015483455951440059,0.030162157053119445,0.37960840505004,0.36917214233868495,0.38874500998870765,0.35702886257311695,0.3439585712095564,0.3675838085010279
sf_baywheels,1,912218,week,33,-0.020893083490072906,-0.02915441249039257,-0.012551080525825223,0.2471718494562285,0.22344251307284407,0.26750186407650156,0.2680649329463014,0.24444132387166664,0.28678894184116144
