{
  "city": "boston_bluebikes",
  "mode": "spatial",
  "n_folds": 5,
  "n_stations_evaluated": 496,
  "wall_time_s": 478.5,
  "r2_hourly": {
    "no_imd_per_fold": [
      -1.1443215422295303,
      -0.01565207284144976,
      0.07101091626161671,
      -0.6941145911002937,
      0.022175757227401727
    ],
    "fe_per_fold": [
      -0.03756398085366408,
      -0.3298484724718882,
      -0.17077485174394447,
      -0.07598333218755737,
      -0.3194269544308317
    ],
    "imd_per_fold": [
      -0.11495783710921259,
      0.08366162239495589,
      0.11556232724908533,
      -0.1057012779926132,
      0.10958248211021959
    ],
    "no_imd_mean": -0.35218030653645105,
    "fe_mean": -0.18671951833757716,
    "imd_mean": 0.017629463330487004,
    "imd_vs_no_imd_delta_mean": 0.36980976986693803,
    "imd_vs_fe_delta_mean": 0.20434898166806417
  },
  "rho_point": {
    "imd": 0.6977294854169002,
    "fe": -0.7128308462701919,
    "no_imd": -0.7420929290306846
  },
  "tau_point": {
    "imd": 0.4968882372108178
  },
  "bootstrap": {
    "rho_imd": {
      "mean": 0.695356099091141,
      "ci": [
        0.6475400687719812,
        0.7383166863055333
      ]
    },
    "rho_fe": {
      "mean": -0.712536011850061,
      "ci": [
        -0.756394428940331,
        -0.662513017885787
      ]
    },
    "rho_no": {
      "mean": -0.7412160348066907,
      "ci": [
        -0.7827089160795191,
        -0.6939436779889336
      ]
    },
    "tau_imd": {
      "mean": 0.4959283802310067,
      "ci": [
        0.4566535343980625,
        0.5338676731056203
      ]
    },
    "tau_fe": {
      "mean": -0.5225740453118456,
      "ci": [
        -0.5634329127018581,
        -0.4797564599969371
      ]
    },
    "tau_no": {
      "mean": -0.544509201980847,
      "ci": [
        -0.581891941653232,
        -0.5041012220661082
      ]
    },
    "delta_rho_imd_vs_fe": {
      "mean": 1.407892110941202,
      "ci": [
        1.339435696443541,
        1.4685683531140892
      ]
    },
    "delta_rho_imd_vs_no": {
      "mean": 1.4365721338978314,
      "ci": [
        1.374644260459956,
        1.4941097443327263
      ]
    },
    "precision_at_k": {
      "K5": {
        "imd": {
          "mean": 0.0,
          "ci": [
            0.0,
            0.0
          ]
        },
        "fe": {
          "mean": 0.0,
          "ci": [
            0.0,
            0.0
          ]
        },
        "no_imd": {
          "mean": 0.0,
          "ci": [
            0.0,
            0.0
          ]
        }
      },
      "K10": {
        "imd": {
          "mean": 0.0091,
          "ci": [
            0.0,
            0.1
          ]
        },
        "fe": {
          "mean": 0.0,
          "ci": [
            0.0,
            0.0
          ]
        },
        "no_imd": {
          "mean": 0.0,
          "ci": [
            0.0,
            0.0
          ]
        }
      },
      "K20": {
        "imd": {
          "mean": 0.08445000000000001,
          "ci": [
            0.0,
            0.2
          ]
        },
        "fe": {
          "mean": 0.0,
          "ci": [
            0.0,
            0.0
          ]
        },
        "no_imd": {
          "mean": 0.0,
          "ci": [
            0.0,
            0.0
          ]
        }
      },
      "K50": {
        "imd": {
          "mean": 0.23348000000000002,
          "ci": [
            0.16,
            0.3
          ]
        },
        "fe": {
          "mean": 0.0,
          "ci": [
            0.0,
            0.0
          ]
        },
        "no_imd": {
          "mean": 0.0,
          "ci": [
            0.0,
            0.0
          ]
        }
      }
    }
  },
  "hypergeometric_null_P_at_K": {
    "K5": {
      "mean": 0.010080645161290322,
      "std": 0.04449356619213063,
      "p95": 0.0
    },
    "K10": {
      "mean": 0.020161290322580645,
      "std": 0.04404047488671178,
      "p95": 0.1
    },
    "K20": {
      "mean": 0.04032258064516129,
      "std": 0.04313429227587409,
      "p95": 0.1
    },
    "K50": {
      "mean": 0.10080645161290322,
      "std": 0.04041574444336102,
      "p95": 0.18
    }
  },
  "per_fold": [
    {
      "fold": 1,
      "n_holdout": 18,
      "n_test": 24157,
      "r2_hourly_no_imd": -1.1443215422295303,
      "r2_hourly_fe": -0.03756398085366408,
      "r2_hourly_imd": -0.11495783710921259
    },
    {
      "fold": 2,
      "n_holdout": 143,
      "n_test": 1486348,
      "r2_hourly_no_imd": -0.01565207284144976,
      "r2_hourly_fe": -0.3298484724718882,
      "r2_hourly_imd": 0.08366162239495589
    },
    {
      "fold": 3,
      "n_holdout": 120,
      "n_test": 671344,
      "r2_hourly_no_imd": 0.07101091626161671,
      "r2_hourly_fe": -0.17077485174394447,
      "r2_hourly_imd": 0.11556232724908533
    },
    {
      "fold": 4,
      "n_holdout": 38,
      "n_test": 161726,
      "r2_hourly_no_imd": -0.6941145911002937,
      "r2_hourly_fe": -0.07598333218755737,
      "r2_hourly_imd": -0.1057012779926132
    },
    {
      "fold": 5,
      "n_holdout": 177,
      "n_test": 1594199,
      "r2_hourly_no_imd": 0.022175757227401727,
      "r2_hourly_fe": -0.3194269544308317,
      "r2_hourly_imd": 0.10958248211021959
    }
  ]
}