{
  "city": "dc_capitalbikeshare",
  "mode": "random",
  "n_folds": 5,
  "n_stations_evaluated": 776,
  "wall_time_s": 1096.0,
  "r2_hourly": {
    "no_imd_per_fold": [
      0.04144636211573638,
      0.03338756467018156,
      0.05364693866629522,
      0.019868809629391637,
      0.029279707827644663
    ],
    "fe_per_fold": [
      -0.2931728792008632,
      -0.2993727613884474,
      -0.3028854803667784,
      -0.2928533769007926,
      -0.28615235665121785
    ],
    "imd_per_fold": [
      0.12586219777797214,
      0.13868752211052549,
      0.1381522286554333,
      0.12436528384664103,
      0.15566494936670472
    ],
    "no_imd_mean": 0.03552587658184989,
    "fe_mean": -0.29488737090161987,
    "imd_mean": 0.13654643635145533,
    "imd_vs_no_imd_delta_mean": 0.10102055976960544,
    "imd_vs_fe_delta_mean": 0.43143380725307523
  },
  "rho_point": {
    "imd": 0.7460250663509725,
    "fe": -0.5098875339779896,
    "no_imd": -0.515531969805332
  },
  "tau_point": {
    "imd": 0.5361024276687728
  },
  "bootstrap": {
    "rho_imd": {
      "mean": 0.7459576414681106,
      "ci": [
        0.7122639533324602,
        0.7761788821631235
      ]
    },
    "rho_fe": {
      "mean": -0.5077790920459782,
      "ci": [
        -0.5686252514649748,
        -0.4395068889064961
      ]
    },
    "rho_no": {
      "mean": -0.513813289885396,
      "ci": [
        -0.5771515131524845,
        -0.4481421536010672
      ]
    },
    "tau_imd": {
      "mean": 0.5368075010055406,
      "ci": [
        0.5068560946544839,
        0.5653228449308542
      ]
    },
    "tau_fe": {
      "mean": -0.37099810769053654,
      "ci": [
        -0.4179581340906513,
        -0.32199593152090017
      ]
    },
    "tau_no": {
      "mean": -0.3734754261485361,
      "ci": [
        -0.42162787138970226,
        -0.32478686569808324
      ]
    },
    "delta_rho_imd_vs_fe": {
      "mean": 1.253736733514089,
      "ci": [
        1.168289450986101,
        1.329227403069681
      ]
    },
    "delta_rho_imd_vs_no": {
      "mean": 1.2597709313535066,
      "ci": [
        1.1778146799645268,
        1.3321953998614755
      ]
    },
    "precision_at_k": {
      "K5": {
        "imd": {
          "mean": 0.0006000000000000001,
          "ci": [
            0.0,
            0.0
          ]
        },
        "fe": {
          "mean": 0.0,
          "ci": [
            0.0,
            0.0
          ]
        },
        "no_imd": {
          "mean": 0.0,
          "ci": [
            0.0,
            0.0
          ]
        }
      },
      "K10": {
        "imd": {
          "mean": 0.0241,
          "ci": [
            0.0,
            0.1
          ]
        },
        "fe": {
          "mean": 0.0,
          "ci": [
            0.0,
            0.0
          ]
        },
        "no_imd": {
          "mean": 0.0,
          "ci": [
            0.0,
            0.0
          ]
        }
      },
      "K20": {
        "imd": {
          "mean": 0.0824,
          "ci": [
            0.0,
            0.15
          ]
        },
        "fe": {
          "mean": 0.0,
          "ci": [
            0.0,
            0.0
          ]
        },
        "no_imd": {
          "mean": 0.0,
          "ci": [
            0.0,
            0.0
          ]
        }
      },
      "K50": {
        "imd": {
          "mean": 0.15216000000000002,
          "ci": [
            0.08,
            0.22
          ]
        },
        "fe": {
          "mean": 0.0,
          "ci": [
            0.0,
            0.0
          ]
        },
        "no_imd": {
          "mean": 5.9999999999999995e-05,
          "ci": [
            0.0,
            0.0
          ]
        }
      }
    }
  },
  "hypergeometric_null_P_at_K": {
    "K5": {
      "mean": 0.006443298969072165,
      "std": 0.035689610273877174,
      "p95": 0.0
    },
    "K10": {
      "mean": 0.01288659793814433,
      "std": 0.03545816014239937,
      "p95": 0.1
    },
    "K20": {
      "mean": 0.02577319587628866,
      "std": 0.03499525987944377,
      "p95": 0.1
    },
    "K50": {
      "mean": 0.06443298969072166,
      "std": 0.03360655909057695,
      "p95": 0.12
    }
  },
  "per_fold": [
    {
      "fold": 1,
      "n_holdout": 156,
      "n_test": 1374393,
      "r2_hourly_no_imd": 0.04144636211573638,
      "r2_hourly_fe": -0.2931728792008632,
      "r2_hourly_imd": 0.12586219777797214
    },
    {
      "fold": 2,
      "n_holdout": 155,
      "n_test": 1384222,
      "r2_hourly_no_imd": 0.03338756467018156,
      "r2_hourly_fe": -0.2993727613884474,
      "r2_hourly_imd": 0.13868752211052549
    },
    {
      "fold": 3,
      "n_holdout": 155,
      "n_test": 1320344,
      "r2_hourly_no_imd": 0.05364693866629522,
      "r2_hourly_fe": -0.3028854803667784,
      "r2_hourly_imd": 0.1381522286554333
    },
    {
      "fold": 4,
      "n_holdout": 155,
      "n_test": 1338729,
      "r2_hourly_no_imd": 0.019868809629391637,
      "r2_hourly_fe": -0.2928533769007926,
      "r2_hourly_imd": 0.12436528384664103
    },
    {
      "fold": 5,
      "n_holdout": 155,
      "n_test": 1228426,
      "r2_hourly_no_imd": 0.029279707827644663,
      "r2_hourly_fe": -0.28615235665121785,
      "r2_hourly_imd": 0.15566494936670472
    }
  ]
}