{
  "city": "dc_capitalbikeshare",
  "mode": "spatial",
  "n_folds": 5,
  "n_stations_evaluated": 776,
  "wall_time_s": 1191.2,
  "r2_hourly": {
    "no_imd_per_fold": [
      -0.2706222839437047,
      -3.113723008546751,
      -2.1594321806681935,
      -3.9880193694872217,
      -0.3041328150354483
    ],
    "fe_per_fold": [
      -0.4020432723282328,
      0.011563483881681602,
      0.0158145555535818,
      0.017633571533467673,
      -0.09062564537839135
    ],
    "imd_per_fold": [
      -0.2250926942770819,
      0.006344873277130514,
      0.006620549902973449,
      -0.08831892778044259,
      -0.3222270934846312
    ],
    "no_imd_mean": -1.9671859315362639,
    "fe_mean": -0.08953146134757861,
    "imd_mean": -0.12453465847241034,
    "imd_vs_no_imd_delta_mean": 1.8426512730638536,
    "imd_vs_fe_delta_mean": -0.03500319712483173
  },
  "rho_point": {
    "imd": 0.4041836487064289,
    "fe": -0.6237162194262295,
    "no_imd": -0.5371482242849054
  },
  "tau_point": {
    "imd": 0.2587628865979381
  },
  "bootstrap": {
    "rho_imd": {
      "mean": 0.40211987587576936,
      "ci": [
        0.35121960578699557,
        0.45291565988728094
      ]
    },
    "rho_fe": {
      "mean": -0.6236672749983238,
      "ci": [
        -0.6729917821010847,
        -0.5690661222021346
      ]
    },
    "rho_no": {
      "mean": -0.5372923070370337,
      "ci": [
        -0.5970892643766962,
        -0.47721203025822384
      ]
    },
    "tau_imd": {
      "mean": 0.2578059826979869,
      "ci": [
        0.2241177407386928,
        0.29425089727499115
      ]
    },
    "tau_fe": {
      "mean": -0.45252782799298075,
      "ci": [
        -0.4909133379369144,
        -0.4110439618800997
      ]
    },
    "tau_no": {
      "mean": -0.3594162978868543,
      "ci": [
        -0.4055760461870453,
        -0.3128286287882959
      ]
    },
    "delta_rho_imd_vs_fe": {
      "mean": 1.025787150874093,
      "ci": [
        0.9607160911135239,
        1.089581296933554
      ]
    },
    "delta_rho_imd_vs_no": {
      "mean": 0.939412182912803,
      "ci": [
        0.8702436081727108,
        1.0071791727255188
      ]
    },
    "precision_at_k": {
      "K5": {
        "imd": {
          "mean": 0.0,
          "ci": [
            0.0,
            0.0
          ]
        },
        "fe": {
          "mean": 0.0,
          "ci": [
            0.0,
            0.0
          ]
        },
        "no_imd": {
          "mean": 0.0,
          "ci": [
            0.0,
            0.0
          ]
        }
      },
      "K10": {
        "imd": {
          "mean": 0.0,
          "ci": [
            0.0,
            0.0
          ]
        },
        "fe": {
          "mean": 0.0,
          "ci": [
            0.0,
            0.0
          ]
        },
        "no_imd": {
          "mean": 0.0,
          "ci": [
            0.0,
            0.0
          ]
        }
      },
      "K20": {
        "imd": {
          "mean": 0.0,
          "ci": [
            0.0,
            0.0
          ]
        },
        "fe": {
          "mean": 0.0,
          "ci": [
            0.0,
            0.0
          ]
        },
        "no_imd": {
          "mean": 0.0,
          "ci": [
            0.0,
            0.0
          ]
        }
      },
      "K50": {
        "imd": {
          "mean": 0.00196,
          "ci": [
            0.0,
            0.02
          ]
        },
        "fe": {
          "mean": 0.0,
          "ci": [
            0.0,
            0.0
          ]
        },
        "no_imd": {
          "mean": 0.00982,
          "ci": [
            0.0,
            0.02
          ]
        }
      }
    }
  },
  "hypergeometric_null_P_at_K": {
    "K5": {
      "mean": 0.006443298969072165,
      "std": 0.035689610273877174,
      "p95": 0.0
    },
    "K10": {
      "mean": 0.01288659793814433,
      "std": 0.03545816014239937,
      "p95": 0.1
    },
    "K20": {
      "mean": 0.02577319587628866,
      "std": 0.03499525987944377,
      "p95": 0.1
    },
    "K50": {
      "mean": 0.06443298969072166,
      "std": 0.03360655909057695,
      "p95": 0.12
    }
  },
  "per_fold": [
    {
      "fold": 1,
      "n_holdout": 404,
      "n_test": 5227517,
      "r2_hourly_no_imd": -0.2706222839437047,
      "r2_hourly_fe": -0.4020432723282328,
      "r2_hourly_imd": -0.2250926942770819
    },
    {
      "fold": 2,
      "n_holdout": 64,
      "n_test": 77709,
      "r2_hourly_no_imd": -3.113723008546751,
      "r2_hourly_fe": 0.011563483881681602,
      "r2_hourly_imd": 0.006344873277130514
    },
    {
      "fold": 3,
      "n_holdout": 78,
      "n_test": 198189,
      "r2_hourly_no_imd": -2.1594321806681935,
      "r2_hourly_fe": 0.0158145555535818,
      "r2_hourly_imd": 0.006620549902973449
    },
    {
      "fold": 4,
      "n_holdout": 36,
      "n_test": 33715,
      "r2_hourly_no_imd": -3.9880193694872217,
      "r2_hourly_fe": 0.017633571533467673,
      "r2_hourly_imd": -0.08831892778044259
    },
    {
      "fold": 5,
      "n_holdout": 194,
      "n_test": 1108984,
      "r2_hourly_no_imd": -0.3041328150354483,
      "r2_hourly_fe": -0.09062564537839135,
      "r2_hourly_imd": -0.3222270934846312
    }
  ]
}