{
  "city": "chicago_divvy",
  "mode": "random",
  "n_folds": 5,
  "n_stations_evaluated": 1336,
  "wall_time_s": 700.7,
  "r2_hourly": {
    "no_imd_per_fold": [
      0.023466720725967893,
      0.10157220459670713,
      0.07903034731240066,
      0.040929417472446605,
      0.0766708602300642
    ],
    "fe_per_fold": [
      -0.21182652673092628,
      -0.273486864620313,
      -0.23717825849464313,
      -0.21361098494542485,
      -0.2242489588889538
    ],
    "imd_per_fold": [
      0.1093545096638876,
      0.0027180357975984393,
      0.10281924984103008,
      0.1183357387358478,
      0.13740479825953622
    ],
    "no_imd_mean": 0.06433391006751729,
    "fe_mean": -0.23207031873605222,
    "imd_mean": 0.09412646645958003,
    "imd_vs_no_imd_delta_mean": 0.02979255639206274,
    "imd_vs_fe_delta_mean": 0.3261967851956322
  },
  "rho_point": {
    "imd": 0.49275237363203306,
    "fe": -0.2621431537134753,
    "no_imd": -0.32432459004853864
  },
  "tau_point": {
    "imd": 0.3402300382955772
  },
  "bootstrap": {
    "rho_imd": {
      "mean": 0.4919560412440225,
      "ci": [
        0.4485331394697518,
        0.5350767568674224
      ]
    },
    "rho_fe": {
      "mean": -0.26217788567833705,
      "ci": [
        -0.31550807358790295,
        -0.2055795412624978
      ]
    },
    "rho_no": {
      "mean": -0.32444604278223643,
      "ci": [
        -0.38151957784305346,
        -0.2691300376251226
      ]
    },
    "tau_imd": {
      "mean": 0.3399448126663175,
      "ci": [
        0.3082150074700593,
        0.3715005579694442
      ]
    },
    "tau_fe": {
      "mean": -0.19500304325385437,
      "ci": [
        -0.23405073224031558,
        -0.15382424162876554
      ]
    },
    "tau_no": {
      "mean": -0.2403108385081499,
      "ci": [
        -0.28295112099939546,
        -0.20024806935991774
      ]
    },
    "delta_rho_imd_vs_fe": {
      "mean": 0.7541339269223596,
      "ci": [
        0.6753534701955637,
        0.834447003945125
      ]
    },
    "delta_rho_imd_vs_no": {
      "mean": 0.8164020840262589,
      "ci": [
        0.7413662084375102,
        0.898264081731219
      ]
    },
    "precision_at_k": {
      "K5": {
        "imd": {
          "mean": 0.0012000000000000001,
          "ci": [
            0.0,
            0.0
          ]
        },
        "fe": {
          "mean": 0.0,
          "ci": [
            0.0,
            0.0
          ]
        },
        "no_imd": {
          "mean": 0.0,
          "ci": [
            0.0,
            0.0
          ]
        }
      },
      "K10": {
        "imd": {
          "mean": 0.029700000000000004,
          "ci": [
            0.0,
            0.1
          ]
        },
        "fe": {
          "mean": 0.0,
          "ci": [
            0.0,
            0.0
          ]
        },
        "no_imd": {
          "mean": 0.0,
          "ci": [
            0.0,
            0.0
          ]
        }
      },
      "K20": {
        "imd": {
          "mean": 0.08285000000000001,
          "ci": [
            0.0,
            0.15
          ]
        },
        "fe": {
          "mean": 0.0,
          "ci": [
            0.0,
            0.0
          ]
        },
        "no_imd": {
          "mean": 0.0,
          "ci": [
            0.0,
            0.0
          ]
        }
      },
      "K50": {
        "imd": {
          "mean": 0.14228000000000002,
          "ci": [
            0.08,
            0.2
          ]
        },
        "fe": {
          "mean": 0.0,
          "ci": [
            0.0,
            0.0
          ]
        },
        "no_imd": {
          "mean": 0.0,
          "ci": [
            0.0,
            0.0
          ]
        }
      }
    }
  },
  "hypergeometric_null_P_at_K": {
    "K5": {
      "mean": 0.00374251497005988,
      "std": 0.027266598579782503,
      "p95": 0.0
    },
    "K10": {
      "mean": 0.00748502994011976,
      "std": 0.027164169584366342,
      "p95": 0.1
    },
    "K20": {
      "mean": 0.01497005988023952,
      "std": 0.026959311593534013,
      "p95": 0.05
    },
    "K50": {
      "mean": 0.037425149700598806,
      "std": 0.02634473762103704,
      "p95": 0.08
    }
  },
  "per_fold": [
    {
      "fold": 1,
      "n_holdout": 268,
      "n_test": 1226556,
      "r2_hourly_no_imd": 0.023466720725967893,
      "r2_hourly_fe": -0.21182652673092628,
      "r2_hourly_imd": 0.1093545096638876
    },
    {
      "fold": 2,
      "n_holdout": 267,
      "n_test": 1148753,
      "r2_hourly_no_imd": 0.10157220459670713,
      "r2_hourly_fe": -0.273486864620313,
      "r2_hourly_imd": 0.0027180357975984393
    },
    {
      "fold": 3,
      "n_holdout": 267,
      "n_test": 1072039,
      "r2_hourly_no_imd": 0.07903034731240066,
      "r2_hourly_fe": -0.23717825849464313,
      "r2_hourly_imd": 0.10281924984103008
    },
    {
      "fold": 4,
      "n_holdout": 267,
      "n_test": 1317056,
      "r2_hourly_no_imd": 0.040929417472446605,
      "r2_hourly_fe": -0.21361098494542485,
      "r2_hourly_imd": 0.1183357387358478
    },
    {
      "fold": 5,
      "n_holdout": 267,
      "n_test": 1060366,
      "r2_hourly_no_imd": 0.0766708602300642,
      "r2_hourly_fe": -0.2242489588889538,
      "r2_hourly_imd": 0.13740479825953622
    }
  ]
}