{
  "city": "boston_bluebikes",
  "mode": "random",
  "n_folds": 5,
  "n_stations_evaluated": 496,
  "wall_time_s": 456.1,
  "r2_hourly": {
    "no_imd_per_fold": [
      0.044435568783573465,
      0.018744509604610382,
      0.08747426727782037,
      0.03844064147005455,
      0.05159899863013473
    ],
    "fe_per_fold": [
      -0.22333081664216703,
      -0.28950981430064604,
      -0.2512055781241893,
      -0.33280442992470727,
      -0.2720472001566929
    ],
    "imd_per_fold": [
      0.21198261750994973,
      0.16445368264368132,
      0.23667865465132598,
      0.14916051682105347,
      0.22491707018278173
    ],
    "no_imd_mean": 0.0481387971532387,
    "fe_mean": -0.2737795678296805,
    "imd_mean": 0.19743850836175844,
    "imd_vs_no_imd_delta_mean": 0.14929971120851976,
    "imd_vs_fe_delta_mean": 0.47121807619143896
  },
  "rho_point": {
    "imd": 0.7880326927351007,
    "fe": -0.6978567396559218,
    "no_imd": -0.6764830429301124
  },
  "tau_point": {
    "imd": 0.5873574454219616
  },
  "bootstrap": {
    "rho_imd": {
      "mean": 0.7867244720471768,
      "ci": [
        0.7491613041506597,
        0.8241814680339004
      ]
    },
    "rho_fe": {
      "mean": -0.6965452593261066,
      "ci": [
        -0.745741464704601,
        -0.6403157694581711
      ]
    },
    "rho_no": {
      "mean": -0.6756403474703725,
      "ci": [
        -0.7265786566682781,
        -0.6199412906699576
      ]
    },
    "tau_imd": {
      "mean": 0.5875117473543164,
      "ci": [
        0.554981881812989,
        0.6262910083464999
      ]
    },
    "tau_fe": {
      "mean": -0.5116860978628758,
      "ci": [
        -0.5545889434098226,
        -0.4648447601282398
      ]
    },
    "tau_no": {
      "mean": -0.49105076089717214,
      "ci": [
        -0.533491919673513,
        -0.4444504087811406
      ]
    },
    "delta_rho_imd_vs_fe": {
      "mean": 1.4832697313732832,
      "ci": [
        1.4165665017521685,
        1.5454199680564384
      ]
    },
    "delta_rho_imd_vs_no": {
      "mean": 1.4623648195175492,
      "ci": [
        1.3976895727671705,
        1.5250638747357026
      ]
    },
    "precision_at_k": {
      "K5": {
        "imd": {
          "mean": 0.0026000000000000007,
          "ci": [
            0.0,
            0.0
          ]
        },
        "fe": {
          "mean": 0.0,
          "ci": [
            0.0,
            0.0
          ]
        },
        "no_imd": {
          "mean": 0.0,
          "ci": [
            0.0,
            0.0
          ]
        }
      },
      "K10": {
        "imd": {
          "mean": 0.0448,
          "ci": [
            0.0,
            0.1
          ]
        },
        "fe": {
          "mean": 0.0,
          "ci": [
            0.0,
            0.0
          ]
        },
        "no_imd": {
          "mean": 0.0,
          "ci": [
            0.0,
            0.0
          ]
        }
      },
      "K20": {
        "imd": {
          "mean": 0.10230000000000002,
          "ci": [
            0.0,
            0.25
          ]
        },
        "fe": {
          "mean": 0.0,
          "ci": [
            0.0,
            0.0
          ]
        },
        "no_imd": {
          "mean": 0.0,
          "ci": [
            0.0,
            0.0
          ]
        }
      },
      "K50": {
        "imd": {
          "mean": 0.26112,
          "ci": [
            0.18,
            0.34
          ]
        },
        "fe": {
          "mean": 0.0,
          "ci": [
            0.0,
            0.0
          ]
        },
        "no_imd": {
          "mean": 0.0,
          "ci": [
            0.0,
            0.0
          ]
        }
      }
    }
  },
  "hypergeometric_null_P_at_K": {
    "K5": {
      "mean": 0.010080645161290322,
      "std": 0.04449356619213063,
      "p95": 0.0
    },
    "K10": {
      "mean": 0.020161290322580645,
      "std": 0.04404047488671178,
      "p95": 0.1
    },
    "K20": {
      "mean": 0.04032258064516129,
      "std": 0.04313429227587409,
      "p95": 0.1
    },
    "K50": {
      "mean": 0.10080645161290322,
      "std": 0.04041574444336102,
      "p95": 0.18
    }
  },
  "per_fold": [
    {
      "fold": 1,
      "n_holdout": 100,
      "n_test": 744169,
      "r2_hourly_no_imd": 0.044435568783573465,
      "r2_hourly_fe": -0.22333081664216703,
      "r2_hourly_imd": 0.21198261750994973
    },
    {
      "fold": 2,
      "n_holdout": 99,
      "n_test": 845567,
      "r2_hourly_no_imd": 0.018744509604610382,
      "r2_hourly_fe": -0.28950981430064604,
      "r2_hourly_imd": 0.16445368264368132
    },
    {
      "fold": 3,
      "n_holdout": 99,
      "n_test": 725684,
      "r2_hourly_no_imd": 0.08747426727782037,
      "r2_hourly_fe": -0.2512055781241893,
      "r2_hourly_imd": 0.23667865465132598
    },
    {
      "fold": 4,
      "n_holdout": 99,
      "n_test": 882337,
      "r2_hourly_no_imd": 0.03844064147005455,
      "r2_hourly_fe": -0.33280442992470727,
      "r2_hourly_imd": 0.14916051682105347
    },
    {
      "fold": 5,
      "n_holdout": 99,
      "n_test": 740017,
      "r2_hourly_no_imd": 0.05159899863013473,
      "r2_hourly_fe": -0.2720472001566929,
      "r2_hourly_imd": 0.22491707018278173
    }
  ]
}