{
  "city": "sf_baywheels",
  "mode": "spatial",
  "n_folds": 5,
  "n_stations_evaluated": 560,
  "wall_time_s": 962.1,
  "r2_hourly": {
    "no_imd_per_fold": [
      -0.5628615979558815,
      -0.6159802952452611,
      -0.1978688368973105,
      0.014374718063802638,
      -0.977751650737708
    ],
    "fe_per_fold": [
      -0.022722744503256065,
      -0.0591232876431802,
      -0.3708447971322313,
      -0.1368044239246311,
      -0.01753954702364724
    ],
    "imd_per_fold": [
      -0.19595509460423566,
      -0.2537040328459339,
      -0.2612262767378921,
      -0.03265238387202096,
      -0.3128317112337413
    ],
    "no_imd_mean": -0.46801753255447165,
    "fe_mean": -0.12140696004538917,
    "imd_mean": -0.2112738998587648,
    "imd_vs_no_imd_delta_mean": 0.2567436326957069,
    "imd_vs_fe_delta_mean": -0.08986693981337562
  },
  "rho_point": {
    "imd": -0.09323542394677828,
    "fe": -0.569138658878741,
    "no_imd": -0.6099226355040309
  },
  "tau_point": {
    "imd": -0.062049578328648096
  },
  "bootstrap": {
    "rho_imd": {
      "mean": -0.09274326139502938,
      "ci": [
        -0.17321273385984348,
        -0.015506142112211933
      ]
    },
    "rho_fe": {
      "mean": -0.5681820350768494,
      "ci": [
        -0.6320449047169359,
        -0.49895018256499485
      ]
    },
    "rho_no": {
      "mean": -0.6084827670802184,
      "ci": [
        -0.6664240741833428,
        -0.5507196108275803
      ]
    },
    "tau_imd": {
      "mean": -0.06184577148549794,
      "ci": [
        -0.11504071026524568,
        -0.01215874401661922
      ]
    },
    "tau_fe": {
      "mean": -0.4006497952529644,
      "ci": [
        -0.44549515070573553,
        -0.3518373794116105
      ]
    },
    "tau_no": {
      "mean": -0.43468728904297027,
      "ci": [
        -0.4779234396770923,
        -0.39046958526488684
      ]
    },
    "delta_rho_imd_vs_fe": {
      "mean": 0.47543877368181997,
      "ci": [
        0.3847212812238677,
        0.564418668737957
      ]
    },
    "delta_rho_imd_vs_no": {
      "mean": 0.5157395056851891,
      "ci": [
        0.43129560182096904,
        0.5963074977196028
      ]
    },
    "precision_at_k": {
      "K5": {
        "imd": {
          "mean": 0.0,
          "ci": [
            0.0,
            0.0
          ]
        },
        "fe": {
          "mean": 0.0,
          "ci": [
            0.0,
            0.0
          ]
        },
        "no_imd": {
          "mean": 0.0,
          "ci": [
            0.0,
            0.0
          ]
        }
      },
      "K10": {
        "imd": {
          "mean": 0.0,
          "ci": [
            0.0,
            0.0
          ]
        },
        "fe": {
          "mean": 0.0,
          "ci": [
            0.0,
            0.0
          ]
        },
        "no_imd": {
          "mean": 0.0,
          "ci": [
            0.0,
            0.0
          ]
        }
      },
      "K20": {
        "imd": {
          "mean": 0.00045000000000000004,
          "ci": [
            0.0,
            0.0
          ]
        },
        "fe": {
          "mean": 0.0,
          "ci": [
            0.0,
            0.0
          ]
        },
        "no_imd": {
          "mean": 0.0,
          "ci": [
            0.0,
            0.0
          ]
        }
      },
      "K50": {
        "imd": {
          "mean": 0.03308,
          "ci": [
            0.0,
            0.06
          ]
        },
        "fe": {
          "mean": 0.00078,
          "ci": [
            0.0,
            0.02
          ]
        },
        "no_imd": {
          "mean": 0.0,
          "ci": [
            0.0,
            0.0
          ]
        }
      }
    }
  },
  "hypergeometric_null_P_at_K": {
    "K5": {
      "mean": 0.008928571428571428,
      "std": 0.041917855109461874,
      "p95": 0.0
    },
    "K10": {
      "mean": 0.017857142857142856,
      "std": 0.041540216775142406,
      "p95": 0.1
    },
    "K20": {
      "mean": 0.03571428571428571,
      "std": 0.04078494010650345,
      "p95": 0.1
    },
    "K50": {
      "mean": 0.08928571428571429,
      "std": 0.03851911010058659,
      "p95": 0.16
    }
  },
  "per_fold": [
    {
      "fold": 1,
      "n_holdout": 62,
      "n_test": 253486,
      "r2_hourly_no_imd": -0.5628615979558815,
      "r2_hourly_fe": -0.022722744503256065,
      "r2_hourly_imd": -0.19595509460423566
    },
    {
      "fold": 2,
      "n_holdout": 81,
      "n_test": 189750,
      "r2_hourly_no_imd": -0.6159802952452611,
      "r2_hourly_fe": -0.0591232876431802,
      "r2_hourly_imd": -0.2537040328459339
    },
    {
      "fold": 3,
      "n_holdout": 237,
      "n_test": 3232518,
      "r2_hourly_no_imd": -0.1978688368973105,
      "r2_hourly_fe": -0.3708447971322313,
      "r2_hourly_imd": -0.2612262767378921
    },
    {
      "fold": 4,
      "n_holdout": 112,
      "n_test": 580852,
      "r2_hourly_no_imd": 0.014374718063802638,
      "r2_hourly_fe": -0.1368044239246311,
      "r2_hourly_imd": -0.03265238387202096
    },
    {
      "fold": 5,
      "n_holdout": 68,
      "n_test": 304482,
      "r2_hourly_no_imd": -0.977751650737708,
      "r2_hourly_fe": -0.01753954702364724,
      "r2_hourly_imd": -0.3128317112337413
    }
  ]
}