{
  "city": "sf_baywheels",
  "mode": "random",
  "n_folds": 5,
  "n_stations_evaluated": 560,
  "wall_time_s": 588.7,
  "r2_hourly": {
    "no_imd_per_fold": [
      0.049803668952790425,
      0.018906391724655913,
      0.048147012503330755,
      0.058617858518958066,
      0.03948446255016591
    ],
    "fe_per_fold": [
      -0.2554090908521658,
      -0.2524528608107228,
      -0.28103583799058574,
      -0.25697389053441766,
      -0.23692869592483068
    ],
    "imd_per_fold": [
      0.10902561271558953,
      0.103460292096616,
      0.06412713312835794,
      0.11969602562442228,
      0.09017870955831053
    ],
    "no_imd_mean": 0.042991878849980215,
    "fe_mean": -0.25656007522254454,
    "imd_mean": 0.09729755462465925,
    "imd_vs_no_imd_delta_mean": 0.054305675774679034,
    "imd_vs_fe_delta_mean": 0.3538576298472038
  },
  "rho_point": {
    "imd": 0.6545038408923499,
    "fe": -0.33894306787603645,
    "no_imd": -0.41231825629910446
  },
  "tau_point": {
    "imd": 0.4550728341426016
  },
  "bootstrap": {
    "rho_imd": {
      "mean": 0.6538766194373259,
      "ci": [
        0.6072853642048112,
        0.6972292670491448
      ]
    },
    "rho_fe": {
      "mean": -0.3381237759441016,
      "ci": [
        -0.4234715040623271,
        -0.2549416293922543
      ]
    },
    "rho_no": {
      "mean": -0.4114340140878539,
      "ci": [
        -0.4906372612725846,
        -0.33603564373087
      ]
    },
    "tau_imd": {
      "mean": 0.455403540834229,
      "ci": [
        0.41781252837797195,
        0.4904437756158725
      ]
    },
    "tau_fe": {
      "mean": -0.24070054979251412,
      "ci": [
        -0.2989069363523153,
        -0.1829317349611289
      ]
    },
    "tau_no": {
      "mean": -0.2892998792663454,
      "ci": [
        -0.34409654358026054,
        -0.23671606904257927
      ]
    },
    "delta_rho_imd_vs_fe": {
      "mean": 0.9920003953814275,
      "ci": [
        0.8887361784932171,
        1.0939240642251364
      ]
    },
    "delta_rho_imd_vs_no": {
      "mean": 1.0653106335251796,
      "ci": [
        0.9803626623924699,
        1.1577936824639083
      ]
    },
    "precision_at_k": {
      "K5": {
        "imd": {
          "mean": 0.006,
          "ci": [
            0.0,
            0.2
          ]
        },
        "fe": {
          "mean": 0.12840000000000001,
          "ci": [
            0.0,
            0.2
          ]
        },
        "no_imd": {
          "mean": 0.0,
          "ci": [
            0.0,
            0.0
          ]
        }
      },
      "K10": {
        "imd": {
          "mean": 0.0494,
          "ci": [
            0.0,
            0.1
          ]
        },
        "fe": {
          "mean": 0.0645,
          "ci": [
            0.0,
            0.1
          ]
        },
        "no_imd": {
          "mean": 0.0001,
          "ci": [
            0.0,
            0.0
          ]
        }
      },
      "K20": {
        "imd": {
          "mean": 0.07455,
          "ci": [
            0.0,
            0.15
          ]
        },
        "fe": {
          "mean": 0.032299999999999995,
          "ci": [
            0.0,
            0.05
          ]
        },
        "no_imd": {
          "mean": 0.0074,
          "ci": [
            0.0,
            0.05
          ]
        }
      },
      "K50": {
        "imd": {
          "mean": 0.20442000000000002,
          "ci": [
            0.14,
            0.28
          ]
        },
        "fe": {
          "mean": 0.0388,
          "ci": [
            0.0,
            0.06
          ]
        },
        "no_imd": {
          "mean": 0.013639999999999998,
          "ci": [
            0.0,
            0.02
          ]
        }
      }
    }
  },
  "hypergeometric_null_P_at_K": {
    "K5": {
      "mean": 0.008928571428571428,
      "std": 0.041917855109461874,
      "p95": 0.0
    },
    "K10": {
      "mean": 0.017857142857142856,
      "std": 0.041540216775142406,
      "p95": 0.1
    },
    "K20": {
      "mean": 0.03571428571428571,
      "std": 0.04078494010650345,
      "p95": 0.1
    },
    "K50": {
      "mean": 0.08928571428571429,
      "std": 0.03851911010058659,
      "p95": 0.16
    }
  },
  "per_fold": [
    {
      "fold": 1,
      "n_holdout": 112,
      "n_test": 891806,
      "r2_hourly_no_imd": 0.049803668952790425,
      "r2_hourly_fe": -0.2554090908521658,
      "r2_hourly_imd": 0.10902561271558953
    },
    {
      "fold": 2,
      "n_holdout": 112,
      "n_test": 890889,
      "r2_hourly_no_imd": 0.018906391724655913,
      "r2_hourly_fe": -0.2524528608107228,
      "r2_hourly_imd": 0.103460292096616
    },
    {
      "fold": 3,
      "n_holdout": 112,
      "n_test": 893356,
      "r2_hourly_no_imd": 0.048147012503330755,
      "r2_hourly_fe": -0.28103583799058574,
      "r2_hourly_imd": 0.06412713312835794
    },
    {
      "fold": 4,
      "n_holdout": 112,
      "n_test": 1003650,
      "r2_hourly_no_imd": 0.058617858518958066,
      "r2_hourly_fe": -0.25697389053441766,
      "r2_hourly_imd": 0.11969602562442228
    },
    {
      "fold": 5,
      "n_holdout": 112,
      "n_test": 881387,
      "r2_hourly_no_imd": 0.03948446255016591,
      "r2_hourly_fe": -0.23692869592483068,
      "r2_hourly_imd": 0.09017870955831053
    }
  ]
}