{
  "city": "chicago_divvy",
  "mode": "spatial",
  "n_folds": 5,
  "n_stations_evaluated": 1336,
  "wall_time_s": 821.8,
  "r2_hourly": {
    "no_imd_per_fold": [
      -8.48167049367946,
      0.08325928095037038,
      -0.009191015948539105,
      -4.711902525515406,
      -0.07610615668534981
    ],
    "fe_per_fold": [
      -0.08022112279193161,
      -0.18632906021327367,
      -0.19592498353177645,
      0.012093698737542957,
      -0.2891975654617889
    ],
    "imd_per_fold": [
      -1.0813001942879494,
      0.09188393808187179,
      -0.019908982459263536,
      -0.9396073418925761,
      -0.006604199089210727
    ],
    "no_imd_mean": -2.6391221821756767,
    "fe_mean": -0.14791580665224552,
    "imd_mean": -0.39110735592942564,
    "imd_vs_no_imd_delta_mean": 2.248014826246251,
    "imd_vs_fe_delta_mean": -0.24319154927718012
  },
  "rho_point": {
    "imd": 0.24082828995628372,
    "fe": -0.6372359452167414,
    "no_imd": -0.4556832687551462
  },
  "tau_point": {
    "imd": 0.15978622441416618
  },
  "bootstrap": {
    "rho_imd": {
      "mean": 0.23985625983202652,
      "ci": [
        0.18179242501967388,
        0.2902843249567599
      ]
    },
    "rho_fe": {
      "mean": -0.6349649333480841,
      "ci": [
        -0.6695504449373005,
        -0.5970727539315575
      ]
    },
    "rho_no": {
      "mean": -0.4533303290327507,
      "ci": [
        -0.5007542585707779,
        -0.40292293311665495
      ]
    },
    "tau_imd": {
      "mean": 0.15925464408075315,
      "ci": [
        0.1208603451533461,
        0.1941519690811057
      ]
    },
    "tau_fe": {
      "mean": -0.4511978459436243,
      "ci": [
        -0.47996592327835924,
        -0.4184851804477499
      ]
    },
    "tau_no": {
      "mean": -0.3087134130328434,
      "ci": [
        -0.3458440893459374,
        -0.2709180463189193
      ]
    },
    "delta_rho_imd_vs_fe": {
      "mean": 0.8748211931801108,
      "ci": [
        0.7984676910763646,
        0.9397977988471932
      ]
    },
    "delta_rho_imd_vs_no": {
      "mean": 0.6931865888647772,
      "ci": [
        0.6107929370690086,
        0.7705065967968535
      ]
    },
    "precision_at_k": {
      "K5": {
        "imd": {
          "mean": 0.0,
          "ci": [
            0.0,
            0.0
          ]
        },
        "fe": {
          "mean": 0.0,
          "ci": [
            0.0,
            0.0
          ]
        },
        "no_imd": {
          "mean": 0.0,
          "ci": [
            0.0,
            0.0
          ]
        }
      },
      "K10": {
        "imd": {
          "mean": 0.0,
          "ci": [
            0.0,
            0.0
          ]
        },
        "fe": {
          "mean": 0.0,
          "ci": [
            0.0,
            0.0
          ]
        },
        "no_imd": {
          "mean": 0.0,
          "ci": [
            0.0,
            0.0
          ]
        }
      },
      "K20": {
        "imd": {
          "mean": 0.0,
          "ci": [
            0.0,
            0.0
          ]
        },
        "fe": {
          "mean": 0.0,
          "ci": [
            0.0,
            0.0
          ]
        },
        "no_imd": {
          "mean": 0.0,
          "ci": [
            0.0,
            0.0
          ]
        }
      },
      "K50": {
        "imd": {
          "mean": 0.029079999999999998,
          "ci": [
            0.0,
            0.06
          ]
        },
        "fe": {
          "mean": 0.0,
          "ci": [
            0.0,
            0.0
          ]
        },
        "no_imd": {
          "mean": 0.0,
          "ci": [
            0.0,
            0.0
          ]
        }
      }
    }
  },
  "hypergeometric_null_P_at_K": {
    "K5": {
      "mean": 0.00374251497005988,
      "std": 0.027266598579782503,
      "p95": 0.0
    },
    "K10": {
      "mean": 0.00748502994011976,
      "std": 0.027164169584366342,
      "p95": 0.1
    },
    "K20": {
      "mean": 0.01497005988023952,
      "std": 0.026959311593534013,
      "p95": 0.05
    },
    "K50": {
      "mean": 0.037425149700598806,
      "std": 0.02634473762103704,
      "p95": 0.08
    }
  },
  "per_fold": [
    {
      "fold": 1,
      "n_holdout": 226,
      "n_test": 54384,
      "r2_hourly_no_imd": -8.48167049367946,
      "r2_hourly_fe": -0.08022112279193161,
      "r2_hourly_imd": -1.0813001942879494
    },
    {
      "fold": 2,
      "n_holdout": 236,
      "n_test": 1407235,
      "r2_hourly_no_imd": 0.08325928095037038,
      "r2_hourly_fe": -0.18632906021327367,
      "r2_hourly_imd": 0.09188393808187179
    },
    {
      "fold": 3,
      "n_holdout": 238,
      "n_test": 336650,
      "r2_hourly_no_imd": -0.009191015948539105,
      "r2_hourly_fe": -0.19592498353177645,
      "r2_hourly_imd": -0.019908982459263536
    },
    {
      "fold": 4,
      "n_holdout": 262,
      "n_test": 100383,
      "r2_hourly_no_imd": -4.711902525515406,
      "r2_hourly_fe": 0.012093698737542957,
      "r2_hourly_imd": -0.9396073418925761
    },
    {
      "fold": 5,
      "n_holdout": 374,
      "n_test": 3926118,
      "r2_hourly_no_imd": -0.07610615668534981,
      "r2_hourly_fe": -0.2891975654617889,
      "r2_hourly_imd": -0.006604199089210727
    }
  ]
}