{
  "source": "tfl",
  "city": "london_tfl",
  "n_stations_evaluated": 793,
  "n_folds": 5,
  "wall_time_s": 365.1,
  "r2_hourly": {
    "no_imd_mean": 0.0724391208145829,
    "fe_mean": -0.07903879933436615,
    "imd_mean": 0.16849843631094097
  },
  "rho_point": {
    "imd": 0.21534122372376488,
    "fe": -0.5131346162749723,
    "no_imd": -0.5096517568954286
  },
  "bootstrap": {
    "rho_imd": {
      "mean": 0.2154800610743056,
      "ci": [
        0.14787060061078006,
        0.2812451298122377
      ]
    },
    "rho_fe": {
      "mean": -0.5130167126470851,
      "ci": [
        -0.566511457271158,
        -0.45544932571417107
      ]
    },
    "rho_no": {
      "mean": -0.5094800695718734,
      "ci": [
        -0.5652126243222939,
        -0.4533789274615794
      ]
    },
    "delta_rho_imd_vs_fe": {
      "mean": 0.7284967737213908,
      "ci": [
        0.6380949564552245,
        0.8111680359810385
      ]
    },
    "delta_rho_imd_vs_no": {
      "mean": 0.724960130646179,
      "ci": [
        0.638946336596878,
        0.8047568430820669
      ]
    },
    "precision_at_k": {
      "K5": {
        "imd": {
          "mean": 0.20500000000000002,
          "ci": [
            0.0,
            0.4
          ]
        },
        "fe": {
          "mean": 0.0,
          "ci": [
            0.0,
            0.0
          ]
        },
        "no_imd": {
          "mean": 0.0,
          "ci": [
            0.0,
            0.0
          ]
        }
      },
      "K10": {
        "imd": {
          "mean": 0.18800000000000003,
          "ci": [
            0.0,
            0.3
          ]
        },
        "fe": {
          "mean": 0.0,
          "ci": [
            0.0,
            0.0
          ]
        },
        "no_imd": {
          "mean": 0.0,
          "ci": [
            0.0,
            0.0
          ]
        }
      },
      "K20": {
        "imd": {
          "mean": 0.14339999999999997,
          "ci": [
            0.05,
            0.25
          ]
        },
        "fe": {
          "mean": 0.0,
          "ci": [
            0.0,
            0.0
          ]
        },
        "no_imd": {
          "mean": 0.0,
          "ci": [
            0.0,
            0.0
          ]
        }
      },
      "K50": {
        "imd": {
          "mean": 0.14704000000000003,
          "ci": [
            0.08,
            0.2
          ]
        },
        "fe": {
          "mean": 0.0,
          "ci": [
            0.0,
            0.0
          ]
        },
        "no_imd": {
          "mean": 0.0,
          "ci": [
            0.0,
            0.0
          ]
        }
      }
    }
  },
  "hypergeom_null": {
    "K5": {
      "mean": 0.006305170239596469,
      "std": 0.0353094082572974
    },
    "K10": {
      "mean": 0.012610340479192938,
      "std": 0.03508536378865972
    },
    "K20": {
      "mean": 0.025220680958385876,
      "std": 0.034637274851384375
    },
    "K50": {
      "mean": 0.06305170239596469,
      "std": 0.033293008039558335
    }
  },
  "per_fold": [
    {
      "fold": 1,
      "n_holdout": 159,
      "n_test": 646443,
      "r2_hourly_no_imd": 0.051256870895514894,
      "r2_hourly_fe": -0.07396320983385118,
      "r2_hourly_imd": 0.22657474122608523
    },
    {
      "fold": 2,
      "n_holdout": 159,
      "n_test": 636673,
      "r2_hourly_no_imd": 0.051911660348017974,
      "r2_hourly_fe": -0.0924857973827089,
      "r2_hourly_imd": 0.058155704598040314
    },
    {
      "fold": 3,
      "n_holdout": 159,
      "n_test": 625800,
      "r2_hourly_no_imd": 0.09901722119681544,
      "r2_hourly_fe": -0.07727969895938203,
      "r2_hourly_imd": 0.17786411227617538
    },
    {
      "fold": 4,
      "n_holdout": 158,
      "n_test": 617177,
      "r2_hourly_no_imd": 0.08285967494780055,
      "r2_hourly_fe": -0.05588309022992721,
      "r2_hourly_imd": 0.24033396050191735
    },
    {
      "fold": 5,
      "n_holdout": 158,
      "n_test": 645664,
      "r2_hourly_no_imd": 0.07715017668476565,
      "r2_hourly_fe": -0.09558220026596143,
      "r2_hourly_imd": 0.13956366295248657
    }
  ]
}