{
  "source": "tier2_toulouse",
  "city": "tier2_toulouse",
  "n_stations_evaluated": 448,
  "n_folds": 5,
  "wall_time_s": 68.2,
  "r2_hourly": {
    "no_imd_mean": 0.18214892377417785,
    "fe_mean": -0.14536811809327443,
    "imd_mean": 0.406495347113759
  },
  "rho_point": {
    "imd": 0.7496272448609552,
    "fe": -0.006111224703612511,
    "no_imd": -0.17651353763930633
  },
  "bootstrap": {
    "rho_imd": {
      "mean": 0.7484028579825052,
      "ci": [
        0.701736727241019,
        0.7921870488922338
      ]
    },
    "rho_fe": {
      "mean": -0.0042185799321163685,
      "ci": [
        -0.09703638106315911,
        0.09299472430079957
      ]
    },
    "rho_no": {
      "mean": -0.17738251860227075,
      "ci": [
        -0.2659064608833391,
        -0.08655530541203765
      ]
    },
    "delta_rho_imd_vs_fe": {
      "mean": 0.7526214379146215,
      "ci": [
        0.6405986209192919,
        0.8595175638940384
      ]
    },
    "delta_rho_imd_vs_no": {
      "mean": 0.9257853765847758,
      "ci": [
        0.8248496305243148,
        1.0248571478076705
      ]
    },
    "precision_at_k": {
      "K5": {
        "imd": {
          "mean": 0.021800000000000003,
          "ci": [
            0.0,
            0.2
          ]
        },
        "fe": {
          "mean": 0.0,
          "ci": [
            0.0,
            0.0
          ]
        },
        "no_imd": {
          "mean": 0.0,
          "ci": [
            0.0,
            0.0
          ]
        }
      },
      "K10": {
        "imd": {
          "mean": 0.0695,
          "ci": [
            0.0,
            0.2
          ]
        },
        "fe": {
          "mean": 0.0023000000000000004,
          "ci": [
            0.0,
            0.0
          ]
        },
        "no_imd": {
          "mean": 0.0004,
          "ci": [
            0.0,
            0.0
          ]
        }
      },
      "K20": {
        "imd": {
          "mean": 0.17885,
          "ci": [
            0.05,
            0.3
          ]
        },
        "fe": {
          "mean": 0.0275,
          "ci": [
            0.0,
            0.1
          ]
        },
        "no_imd": {
          "mean": 0.006549999999999999,
          "ci": [
            0.0,
            0.05
          ]
        }
      },
      "K50": {
        "imd": {
          "mean": 0.25560000000000005,
          "ci": [
            0.18,
            0.34
          ]
        },
        "fe": {
          "mean": 0.05052000000000001,
          "ci": [
            0.0,
            0.1
          ]
        },
        "no_imd": {
          "mean": 0.049980000000000004,
          "ci": [
            0.0,
            0.1
          ]
        }
      }
    }
  },
  "hypergeom_null": {
    "K5": {
      "mean": 0.011160714285714286,
      "std": 0.04677049331234333
    },
    "K10": {
      "mean": 0.022321428571428572,
      "std": 0.046242609640646457
    },
    "K20": {
      "mean": 0.044642857142857144,
      "std": 0.0451868422972527
    },
    "K50": {
      "mean": 0.11160714285714286,
      "std": 0.042019540267071435
    }
  },
  "per_fold": [
    {
      "fold": 1,
      "n_holdout": 90,
      "n_test": 11836,
      "r2_hourly_no_imd": 0.18587648135523194,
      "r2_hourly_fe": -0.14601908732173308,
      "r2_hourly_imd": 0.44220836423526366
    },
    {
      "fold": 2,
      "n_holdout": 90,
      "n_test": 11825,
      "r2_hourly_no_imd": 0.2128018589521664,
      "r2_hourly_fe": -0.196607366208015,
      "r2_hourly_imd": 0.41699984829629144
    },
    {
      "fold": 3,
      "n_holdout": 90,
      "n_test": 11847,
      "r2_hourly_no_imd": 0.21523452407364807,
      "r2_hourly_fe": 0.0069812082060551894,
      "r2_hourly_imd": 0.40536920070476556
    },
    {
      "fold": 4,
      "n_holdout": 89,
      "n_test": 11737,
      "r2_hourly_no_imd": 0.16219809742014968,
      "r2_hourly_fe": -0.18549549687459788,
      "r2_hourly_imd": 0.3831023225500929
    },
    {
      "fold": 5,
      "n_holdout": 89,
      "n_test": 11726,
      "r2_hourly_no_imd": 0.1346336570696932,
      "r2_hourly_fe": -0.2056998482680814,
      "r2_hourly_imd": 0.3847969997823817
    }
  ]
}