{
  "source": "tier2_lyon",
  "city": "tier2_lyon",
  "n_stations_evaluated": 462,
  "n_folds": 5,
  "wall_time_s": 70.9,
  "r2_hourly": {
    "no_imd_mean": 0.21341872161273692,
    "fe_mean": -0.3665539223572223,
    "imd_mean": 0.3868952759781862
  },
  "rho_point": {
    "imd": 0.6488094981616455,
    "fe": -0.07787564049458408,
    "no_imd": -0.12477640727543668
  },
  "bootstrap": {
    "rho_imd": {
      "mean": 0.6474918683565515,
      "ci": [
        0.5794476938449827,
        0.7128449695289427
      ]
    },
    "rho_fe": {
      "mean": -0.07577292937332528,
      "ci": [
        -0.17035878354033046,
        0.015239550914130968
      ]
    },
    "rho_no": {
      "mean": -0.12230084624031039,
      "ci": [
        -0.21456151943627655,
        -0.02949017366961492
      ]
    },
    "delta_rho_imd_vs_fe": {
      "mean": 0.7232647977298768,
      "ci": [
        0.6098389402589761,
        0.8228844638222752
      ]
    },
    "delta_rho_imd_vs_no": {
      "mean": 0.7697927145968618,
      "ci": [
        0.6465969547013671,
        0.8886438843429988
      ]
    },
    "precision_at_k": {
      "K5": {
        "imd": {
          "mean": 0.0,
          "ci": [
            0.0,
            0.0
          ]
        },
        "fe": {
          "mean": 0.0008,
          "ci": [
            0.0,
            0.0
          ]
        },
        "no_imd": {
          "mean": 0.0,
          "ci": [
            0.0,
            0.0
          ]
        }
      },
      "K10": {
        "imd": {
          "mean": 0.0,
          "ci": [
            0.0,
            0.0
          ]
        },
        "fe": {
          "mean": 0.0095,
          "ci": [
            0.0,
            0.1
          ]
        },
        "no_imd": {
          "mean": 0.0026,
          "ci": [
            0.0,
            0.1
          ]
        }
      },
      "K20": {
        "imd": {
          "mean": 0.02505,
          "ci": [
            0.0,
            0.1
          ]
        },
        "fe": {
          "mean": 0.02835,
          "ci": [
            0.0,
            0.1
          ]
        },
        "no_imd": {
          "mean": 0.021299999999999996,
          "ci": [
            0.0,
            0.1
          ]
        }
      },
      "K50": {
        "imd": {
          "mean": 0.20388000000000006,
          "ci": [
            0.12,
            0.28
          ]
        },
        "fe": {
          "mean": 0.07562,
          "ci": [
            0.02,
            0.14
          ]
        },
        "no_imd": {
          "mean": 0.07024000000000001,
          "ci": [
            0.02,
            0.12049999999999954
          ]
        }
      }
    }
  },
  "hypergeom_null": {
    "K5": {
      "mean": 0.010822510822510822,
      "std": 0.04607058870227455
    },
    "K10": {
      "mean": 0.021645021645021644,
      "std": 0.045566534121286854
    },
    "K20": {
      "mean": 0.04329004329004329,
      "std": 0.04455842495931149
    },
    "K50": {
      "mean": 0.10822510822510824,
      "std": 0.041534097473385365
    }
  },
  "per_fold": [
    {
      "fold": 1,
      "n_holdout": 93,
      "n_test": 12265,
      "r2_hourly_no_imd": 0.2137658750459137,
      "r2_hourly_fe": -0.3400231954531019,
      "r2_hourly_imd": 0.38126978502601716
    },
    {
      "fold": 2,
      "n_holdout": 93,
      "n_test": 12276,
      "r2_hourly_no_imd": 0.20649008040642503,
      "r2_hourly_fe": -0.3980711508848014,
      "r2_hourly_imd": 0.4300927994336269
    },
    {
      "fold": 3,
      "n_holdout": 92,
      "n_test": 12111,
      "r2_hourly_no_imd": 0.2032279492761655,
      "r2_hourly_fe": -0.4494957254228431,
      "r2_hourly_imd": 0.33603745992816614
    },
    {
      "fold": 4,
      "n_holdout": 92,
      "n_test": 12089,
      "r2_hourly_no_imd": 0.21554584885348138,
      "r2_hourly_fe": -0.3562130838889137,
      "r2_hourly_imd": 0.4012939517230243
    },
    {
      "fold": 5,
      "n_holdout": 92,
      "n_test": 12133,
      "r2_hourly_no_imd": 0.22806385448169908,
      "r2_hourly_fe": -0.28896645613645133,
      "r2_hourly_imd": 0.3857823837800963
    }
  ]
}