{
  "source": "tier2_paris",
  "city": "tier2_paris",
  "n_stations_evaluated": 1361,
  "n_folds": 5,
  "wall_time_s": 205.2,
  "r2_hourly": {
    "no_imd_mean": 0.2312860090600885,
    "fe_mean": 0.23026111484671108,
    "imd_mean": 0.34581114612138736
  },
  "rho_point": {
    "imd": 0.5689795793921983,
    "fe": -0.04688264598511756,
    "no_imd": -0.07105986020217442
  },
  "bootstrap": {
    "rho_imd": {
      "mean": 0.5673709603525623,
      "ci": [
        0.5267947804466918,
        0.6050853247230787
      ]
    },
    "rho_fe": {
      "mean": -0.04681880742942689,
      "ci": [
        -0.10226814880805477,
        0.0028189559594104566
      ]
    },
    "rho_no": {
      "mean": -0.07134933614984271,
      "ci": [
        -0.12363027732958526,
        -0.021973978785995156
      ]
    },
    "delta_rho_imd_vs_fe": {
      "mean": 0.6141897677819892,
      "ci": [
        0.5531852108635537,
        0.6777568284367061
      ]
    },
    "delta_rho_imd_vs_no": {
      "mean": 0.638720296502405,
      "ci": [
        0.5710423122613577,
        0.7019007745527713
      ]
    },
    "precision_at_k": {
      "K5": {
        "imd": {
          "mean": 0.0,
          "ci": [
            0.0,
            0.0
          ]
        },
        "fe": {
          "mean": 0.0018,
          "ci": [
            0.0,
            0.0
          ]
        },
        "no_imd": {
          "mean": 0.0018,
          "ci": [
            0.0,
            0.0
          ]
        }
      },
      "K10": {
        "imd": {
          "mean": 0.0019000000000000002,
          "ci": [
            0.0,
            0.0
          ]
        },
        "fe": {
          "mean": 0.0055,
          "ci": [
            0.0,
            0.1
          ]
        },
        "no_imd": {
          "mean": 0.0052,
          "ci": [
            0.0,
            0.1
          ]
        }
      },
      "K20": {
        "imd": {
          "mean": 0.0701,
          "ci": [
            0.0,
            0.15
          ]
        },
        "fe": {
          "mean": 0.0089,
          "ci": [
            0.0,
            0.05
          ]
        },
        "no_imd": {
          "mean": 0.0089,
          "ci": [
            0.0,
            0.05
          ]
        }
      },
      "K50": {
        "imd": {
          "mean": 0.09122000000000001,
          "ci": [
            0.04,
            0.14
          ]
        },
        "fe": {
          "mean": 0.02252,
          "ci": [
            0.0,
            0.06
          ]
        },
        "no_imd": {
          "mean": 0.0228,
          "ci": [
            0.0,
            0.06
          ]
        }
      }
    }
  },
  "hypergeom_null": {
    "K5": {
      "mean": 0.0036737692872887582,
      "std": 0.027016688170655563
    },
    "K10": {
      "mean": 0.0073475385745775165,
      "std": 0.026917069113979102
    },
    "K20": {
      "mean": 0.014695077149155033,
      "std": 0.026717831000626184
    },
    "K50": {
      "mean": 0.036737692872887584,
      "std": 0.026120116660567433
    }
  },
  "per_fold": [
    {
      "fold": 1,
      "n_holdout": 273,
      "n_test": 36036,
      "r2_hourly_no_imd": 0.23028376491639324,
      "r2_hourly_fe": 0.21847401647382725,
      "r2_hourly_imd": 0.37235733271033933
    },
    {
      "fold": 2,
      "n_holdout": 272,
      "n_test": 35904,
      "r2_hourly_no_imd": 0.2141252705324468,
      "r2_hourly_fe": 0.20503439020620662,
      "r2_hourly_imd": 0.3284081554128304
    },
    {
      "fold": 3,
      "n_holdout": 272,
      "n_test": 35904,
      "r2_hourly_no_imd": 0.22800969401594795,
      "r2_hourly_fe": 0.2346751389525712,
      "r2_hourly_imd": 0.31400352704114665
    },
    {
      "fold": 4,
      "n_holdout": 272,
      "n_test": 35904,
      "r2_hourly_no_imd": 0.22838276655992595,
      "r2_hourly_fe": 0.22283194281292418,
      "r2_hourly_imd": 0.35780089777883817
    },
    {
      "fold": 5,
      "n_holdout": 272,
      "n_test": 35882,
      "r2_hourly_no_imd": 0.25562854927572864,
      "r2_hourly_fe": 0.27029008578802616,
      "r2_hourly_imd": 0.3564858176637824
    }
  ]
}