{
  "source": "bixi",
  "city": "montreal_bixi",
  "n_stations_evaluated": 651,
  "n_folds": 5,
  "wall_time_s": 1311.8,
  "r2_hourly": {
    "no_imd_mean": 0.08003884902543998,
    "fe_mean": -0.33858261514316423,
    "imd_mean": 0.2662920087577588
  },
  "rho_point": {
    "imd": 0.7695370175045615,
    "fe": -0.7597413787479095,
    "no_imd": -0.8271760655730575
  },
  "bootstrap": {
    "rho_imd": {
      "mean": 0.7689081514505551,
      "ci": [
        0.7312265730568012,
        0.801654949734654
      ]
    },
    "rho_fe": {
      "mean": -0.7584611660891069,
      "ci": [
        -0.7954880709366888,
        -0.7191473124124963
      ]
    },
    "rho_no": {
      "mean": -0.8263525542364348,
      "ci": [
        -0.853103544913311,
        -0.7966800092485623
      ]
    },
    "delta_rho_imd_vs_fe": {
      "mean": 1.527369317539662,
      "ci": [
        1.4632535891435516,
        1.5858128525123958
      ]
    },
    "delta_rho_imd_vs_no": {
      "mean": 1.59526070568699,
      "ci": [
        1.542933295946382,
        1.645263984127735
      ]
    },
    "precision_at_k": {
      "K5": {
        "imd": {
          "mean": 0.0,
          "ci": [
            0.0,
            0.0
          ]
        },
        "fe": {
          "mean": 0.0,
          "ci": [
            0.0,
            0.0
          ]
        },
        "no_imd": {
          "mean": 0.0,
          "ci": [
            0.0,
            0.0
          ]
        }
      },
      "K10": {
        "imd": {
          "mean": 0.0037,
          "ci": [
            0.0,
            0.1
          ]
        },
        "fe": {
          "mean": 0.0,
          "ci": [
            0.0,
            0.0
          ]
        },
        "no_imd": {
          "mean": 0.0,
          "ci": [
            0.0,
            0.0
          ]
        }
      },
      "K20": {
        "imd": {
          "mean": 0.061250000000000006,
          "ci": [
            0.0,
            0.15
          ]
        },
        "fe": {
          "mean": 0.0,
          "ci": [
            0.0,
            0.0
          ]
        },
        "no_imd": {
          "mean": 0.0,
          "ci": [
            0.0,
            0.0
          ]
        }
      },
      "K50": {
        "imd": {
          "mean": 0.13358,
          "ci": [
            0.08,
            0.2
          ]
        },
        "fe": {
          "mean": 0.0,
          "ci": [
            0.0,
            0.0
          ]
        },
        "no_imd": {
          "mean": 0.0,
          "ci": [
            0.0,
            0.0
          ]
        }
      }
    }
  },
  "hypergeom_null": {
    "K5": {
      "mean": 0.007680491551459294,
      "std": 0.038921973363830076
    },
    "K10": {
      "mean": 0.015360983102918589,
      "std": 0.038620719700023336
    },
    "K20": {
      "mean": 0.030721966205837177,
      "std": 0.03801821237240986
    },
    "K50": {
      "mean": 0.07680491551459294,
      "std": 0.036210690389569464
    }
  },
  "per_fold": [
    {
      "fold": 1,
      "n_holdout": 131,
      "n_test": 465426,
      "r2_hourly_no_imd": 0.005465536980752472,
      "r2_hourly_fe": -0.37783794745494315,
      "r2_hourly_imd": 0.2052785403050409
    },
    {
      "fold": 2,
      "n_holdout": 130,
      "n_test": 389695,
      "r2_hourly_no_imd": 0.11656787669981594,
      "r2_hourly_fe": -0.3242285827327076,
      "r2_hourly_imd": 0.2959961183145069
    },
    {
      "fold": 3,
      "n_holdout": 130,
      "n_test": 416140,
      "r2_hourly_no_imd": 0.08993556835478678,
      "r2_hourly_fe": -0.3124330474335446,
      "r2_hourly_imd": 0.27215176870775293
    },
    {
      "fold": 4,
      "n_holdout": 130,
      "n_test": 429162,
      "r2_hourly_no_imd": 0.10416737215373195,
      "r2_hourly_fe": -0.3455574685038223,
      "r2_hourly_imd": 0.27512310534429185
    },
    {
      "fold": 5,
      "n_holdout": 130,
      "n_test": 402895,
      "r2_hourly_no_imd": 0.08405789093811278,
      "r2_hourly_fe": -0.3328560295908034,
      "r2_hourly_imd": 0.28291051111720156
    }
  ]
}