{
  "n_subsample": 800,
  "n_train": 3774831,
  "n_test": 943708,
  "n_stations_matched": 769,
  "B": 500,
  "r2_no_imd": {
    "point": 0.0589924102460595,
    "ci": [
      0.038724802048751165,
      0.07742398617506867
    ]
  },
  "r2_imd": {
    "point": 0.6068184837695906,
    "ci": [
      0.47694040624948986,
      0.6635610911270962
    ]
  },
  "delta_r2": {
    "point": 0.5478260735235311,
    "ci": [
      0.4167023064574032,
      0.6248412911628214
    ]
  },
  "wall_time_s": 668.7
}