{
  "city": "boston_bluebikes",
  "mode": "random",
  "n_folds": 10,
  "n_stations_evaluated": 496,
  "wall_time_s": 2925.2,
  "r2_hourly": {
    "no_imd_per_fold": [
      0.017518478719168562,
      0.09181202575513292,
      -0.017571326470100068,
      0.084785532325939,
      0.06452408324830061,
      0.11018224200697202,
      0.02686391007226807,
      0.06472640600050761,
      0.03028146714095692,
      0.08535298081661014
    ],
    "fe_per_fold": [
      -0.212110856692866,
      -0.2985317388400599,
      -0.2829171438832272,
      -0.3210804768516622,
      -0.25785510434415104,
      -0.2650351759004492,
      -0.3271095420617629,
      -0.31964045765585825,
      -0.25517870178828383,
      -0.3124365259407449
    ],
    "imd_per_fold": [
      0.20171890722757502,
      0.18215121317043903,
      0.14622266119590743,
      0.1990618326238831,
      0.21627988760674444,
      0.21400709678361485,
      0.13204711143044012,
      0.24788331013574694,
      0.2056270321732998,
      0.2948225741376087
    ],
    "no_imd_mean": 0.05584757996157558,
    "fe_mean": -0.2851895723959065,
    "imd_mean": 0.20398216264852592,
    "imd_vs_no_imd_delta_mean": 0.14813458268695034,
    "imd_vs_fe_delta_mean": 0.4891717350444324
  },
  "rho_point": {
    "imd": 0.7898179890683298,
    "fe": -0.7143243625978747,
    "no_imd": -0.6868207288697974
  },
  "tau_point": {
    "imd": 0.586217008797654
  },
  "bootstrap": {
    "rho_imd": {
      "mean": 0.7881901491073016,
      "ci": [
        0.7510982636414776,
        0.8208891088194549
      ]
    },
    "rho_fe": {
      "mean": -0.7129698925132879,
      "ci": [
        -0.7626492657853393,
        -0.6606501790389421
      ]
    },
    "rho_no": {
      "mean": -0.6855380086891658,
      "ci": [
        -0.7396737351662691,
        -0.6302033632463917
      ]
    },
    "tau_imd": {
      "mean": 0.5860827725988618,
      "ci": [
        0.5511682851517079,
        0.6167829796988663
      ]
    },
    "tau_fe": {
      "mean": -0.528557166154313,
      "ci": [
        -0.5716997848237177,
        -0.4835661841329149
      ]
    },
    "tau_no": {
      "mean": -0.5028893853300906,
      "ci": [
        -0.5478677101158838,
        -0.45810568625250275
      ]
    },
    "delta_rho_imd_vs_fe": {
      "mean": 1.5011600416205897,
      "ci": [
        1.4391861381748459,
        1.5616943652443183
      ]
    },
    "delta_rho_imd_vs_no": {
      "mean": 1.4737281577964672,
      "ci": [
        1.41059715117565,
        1.5329856846731589
      ]
    },
    "precision_at_k": {
      "K5": {
        "imd": {
          "mean": 0.009800000000000001,
          "ci": [
            0.0,
            0.2
          ]
        },
        "fe": {
          "mean": 0.0,
          "ci": [
            0.0,
            0.0
          ]
        },
        "no_imd": {
          "mean": 0.0,
          "ci": [
            0.0,
            0.0
          ]
        }
      },
      "K10": {
        "imd": {
          "mean": 0.046099999999999995,
          "ci": [
            0.0,
            0.1
          ]
        },
        "fe": {
          "mean": 0.0,
          "ci": [
            0.0,
            0.0
          ]
        },
        "no_imd": {
          "mean": 0.0,
          "ci": [
            0.0,
            0.0
          ]
        }
      },
      "K20": {
        "imd": {
          "mean": 0.10055000000000001,
          "ci": [
            0.0,
            0.25
          ]
        },
        "fe": {
          "mean": 0.0,
          "ci": [
            0.0,
            0.0
          ]
        },
        "no_imd": {
          "mean": 0.0,
          "ci": [
            0.0,
            0.0
          ]
        }
      },
      "K50": {
        "imd": {
          "mean": 0.23638000000000003,
          "ci": [
            0.16,
            0.32
          ]
        },
        "fe": {
          "mean": 0.0,
          "ci": [
            0.0,
            0.0
          ]
        },
        "no_imd": {
          "mean": 0.0,
          "ci": [
            0.0,
            0.0
          ]
        }
      }
    }
  },
  "hypergeometric_null_P_at_K": {
    "K5": {
      "mean": 0.010080645161290322,
      "std": 0.04449356619213063,
      "p95": 0.0
    },
    "K10": {
      "mean": 0.020161290322580645,
      "std": 0.04404047488671178,
      "p95": 0.1
    },
    "K20": {
      "mean": 0.04032258064516129,
      "std": 0.04313429227587409,
      "p95": 0.1
    },
    "K50": {
      "mean": 0.10080645161290322,
      "std": 0.04041574444336102,
      "p95": 0.18
    }
  },
  "per_fold": [
    {
      "fold": 1,
      "n_holdout": 50,
      "n_test": 383206,
      "r2_hourly_no_imd": 0.017518478719168562,
      "r2_hourly_fe": -0.212110856692866,
      "r2_hourly_imd": 0.20171890722757502
    },
    {
      "fold": 2,
      "n_holdout": 50,
      "n_test": 360963,
      "r2_hourly_no_imd": 0.09181202575513292,
      "r2_hourly_fe": -0.2985317388400599,
      "r2_hourly_imd": 0.18215121317043903
    },
    {
      "fold": 3,
      "n_holdout": 50,
      "n_test": 431344,
      "r2_hourly_no_imd": -0.017571326470100068,
      "r2_hourly_fe": -0.2829171438832272,
      "r2_hourly_imd": 0.14622266119590743
    },
    {
      "fold": 4,
      "n_holdout": 50,
      "n_test": 414516,
      "r2_hourly_no_imd": 0.084785532325939,
      "r2_hourly_fe": -0.3210804768516622,
      "r2_hourly_imd": 0.1990618326238831
    },
    {
      "fold": 5,
      "n_holdout": 50,
      "n_test": 387338,
      "r2_hourly_no_imd": 0.06452408324830061,
      "r2_hourly_fe": -0.25785510434415104,
      "r2_hourly_imd": 0.21627988760674444
    },
    {
      "fold": 6,
      "n_holdout": 50,
      "n_test": 366370,
      "r2_hourly_no_imd": 0.11018224200697202,
      "r2_hourly_fe": -0.2650351759004492,
      "r2_hourly_imd": 0.21400709678361485
    },
    {
      "fold": 7,
      "n_holdout": 49,
      "n_test": 460754,
      "r2_hourly_no_imd": 0.02686391007226807,
      "r2_hourly_fe": -0.3271095420617629,
      "r2_hourly_imd": 0.13204711143044012
    },
    {
      "fold": 8,
      "n_holdout": 49,
      "n_test": 393881,
      "r2_hourly_no_imd": 0.06472640600050761,
      "r2_hourly_fe": -0.31964045765585825,
      "r2_hourly_imd": 0.24788331013574694
    },
    {
      "fold": 9,
      "n_holdout": 49,
      "n_test": 400218,
      "r2_hourly_no_imd": 0.03028146714095692,
      "r2_hourly_fe": -0.25517870178828383,
      "r2_hourly_imd": 0.2056270321732998
    },
    {
      "fold": 10,
      "n_holdout": 49,
      "n_test": 339184,
      "r2_hourly_no_imd": 0.08535298081661014,
      "r2_hourly_fe": -0.3124365259407449,
      "r2_hourly_imd": 0.2948225741376087
    }
  ]
}