{
  "city": "boston_bluebikes",
  "n_total": 3938224,
  "n_stations": 497,
  "n_train": 3150579,
  "n_test": 787645,
  "no_imd": {
    "model": "boston_bluebikes_G_minus_temporal",
    "n_test": 787645,
    "r2_log": 0.1126604551123308,
    "r2_trips": 0.05878190124154248,
    "mae_trips": 1.8408359295327803,
    "rmse_trips": 3.1710597514121877,
    "fit_seconds": 17.4
  },
  "imd_augmented": {
    "model": "boston_bluebikes_G_plus_imd",
    "n_test": 787645,
    "r2_log": 0.4938260907504155,
    "r2_trips": 0.5307968301347679,
    "mae_trips": 1.3690940229225423,
    "rmse_trips": 2.238926101030903,
    "fit_seconds": 30.3
  },
  "delta_r2_trips": 0.4720149288932254,
  "delta_mae_trips": 0.47174190661023796,
  "wall_time_s": 121.3
}