{
  "city": "sf_baywheels",
  "n_total": 4561088,
  "n_stations": 560,
  "n_train": 3648870,
  "n_test": 912218,
  "no_imd": {
    "model": "sf_baywheels_G_minus_temporal",
    "n_test": 912218,
    "r2_log": 0.07043908074330396,
    "r2_trips": -0.020893083490072906,
    "mae_trips": 1.5245528114769633,
    "rmse_trips": 2.7478737905795074,
    "fit_seconds": 18.6
  },
  "imd_augmented": {
    "model": "sf_baywheels_G_plus_imd",
    "n_test": 912218,
    "r2_log": 0.3459107464930221,
    "r2_trips": 0.2471718494562285,
    "mae_trips": 1.2966017146965656,
    "rmse_trips": 2.3596879576528935,
    "fit_seconds": 22.1
  },
  "delta_r2_trips": 0.2680649329463014,
  "delta_mae_trips": 0.2279510967803977,
  "wall_time_s": 76.3
}